"url","author","date","timestamp","title","text","subreddit","score","upvotes","downvotes","up_ratio","total_awards_received","golds","cross_posts","comments"
"https://www.reddit.com/r/gaming/comments/mq68sq/importers_are_so_undervalued/","ajfoucault","2021-04-13",1618332456,"Importers are so undervalued.","","gaming",87534,87534,0,0.91,183,2,1,1109
"https://www.reddit.com/r/gaming/comments/rogyz8/happy_christmas_only_72_hours_left_of_downloading/","Tom_piddle","2021-12-25",1640464675,"Happy Christmas! Only 72 hours left of downloading to play the game he got for Christmas this morning.","","gaming",87454,87454,0,0.89,33,0,4,3894
"https://www.reddit.com/r/gaming/comments/oezuw3/remember_not_stepping_on_cracks_in_the_pavement/","Ewoud2001","2021-07-06",1625592998,"Remember not stepping on cracks in the pavement? For the past year I've been making a game about this!","","gaming",87434,87434,0,0.76,303,1,7,1536
"https://www.reddit.com/r/gaming/comments/v3utlb/stray_july_19_2022_ps4_ps5_pc_state_of_play/","Virus19847","2022-06-03",1654245092,"Stray | July 19, 2022 | PS4, PS5 &amp; PC | State of Play","","gaming",87426,87426,0,0.9,43,3,21,2026
"https://www.reddit.com/r/gaming/comments/ruceap/merchant_tactics/","lvl2frog","2022-01-02",1641138771,"Merchant Tactics","","gaming",87392,87392,0,0.94,118,0,12,930
"https://www.reddit.com/r/gaming/comments/kdxn9n/i_know_everyone_is_talking_about_cyberpunk_2077/","CooperTires","2020-12-15",1608076343,"I know everyone is talking about Cyberpunk 2077, but I got 100% in Lego Star Wars the Complete Saga!","","gaming",87393,87393,0,0.83,325,1,2,1003
"https://www.reddit.com/r/gaming/comments/d4nynm/final_fantasy_vii_inside_the_train/","Shinotakux","2019-09-15",1568570342,"Final Fantasy VII inside the train.","","gaming",87385,87385,0,0.94,0,0,6,2108
"https://www.reddit.com/r/gaming/comments/ad0pgj/geodude_in_4k_looks_menacing/","FestivalGenius","2019-01-06",1546737569,"Geodude in 4K looks menacing","","gaming",87380,87380,0,0.84,1,1,19,1253
"https://www.reddit.com/r/gaming/comments/kacxm4/come_on_guys/","Allekk_ja_lol_ey","2020-12-10",1607595393,"Come on guys","","gaming",87303,87303,0,0.75,78,0,1,4531
"https://www.reddit.com/r/gaming/comments/bds2dz/reggies_last_day_as_president_of_nintendo_of/","Zaptagious","2019-04-16",1555408451,"Reggies last day as President of Nintendo of America. You were the best like no one ever was, Reggie.","","gaming",87298,87298,0,0.9,1,0,9,996
"https://www.reddit.com/r/gaming/comments/jfvelh/yes_sir/","Blueexx2","2020-10-22",1603353163,"Yes sir","","gaming",87272,87272,0,0.8,160,0,11,492
"https://www.reddit.com/r/gaming/comments/rfn0xc/i_dont_know_what_i_expected/","SrGrafo","2021-12-13",1639421596,"I don't know what I expected..","","gaming",87266,87266,0,0.87,133,0,10,2612
"https://www.reddit.com/r/gaming/comments/k6s00o/guaranteed_to_kill_spiders_one_of_my_favorite/","ottoDVD","2020-12-04",1607111096,"""Guaranteed to kill spiders"" One of my favorite details in this game","","gaming",87232,87232,0,0.93,171,0,8,585
"https://www.reddit.com/r/gaming/comments/9zqblv/my_friends_and_i_are_making_an_adventure_game/","inb5","2018-11-23",1542995132,"My friends and I are making an adventure game based on nature documentaries","","gaming",87228,87228,0,0.83,5,2,11,2063
"https://www.reddit.com/r/gaming/comments/9uztuk/i_fixed_the_mario_van_thanks_for_the_feedback/","TenOunceGames","2018-11-07",1541600588,"I fixed the Mario van. Thanks for the feedback.","","gaming",87190,87190,0,0.9,3,0,14,943
"https://www.reddit.com/r/gaming/comments/sfw2fu/go_oshawott_destroy_it/","PatFury","2022-01-30",1643502503,"Go Oshawott, DESTROY IT","","gaming",87195,87195,0,0.9,128,1,10,2261
"https://www.reddit.com/r/gaming/comments/ey8a81/when_you_solo_queue_and_end_up_being_the_last_one/","oneandphony","2020-02-03",1580741817,"When you solo queue and end up being the last one alive in your team.","","gaming",87150,87150,0,0.92,4,1,27,1345
"https://www.reddit.com/r/gaming/comments/844xf3/wood/","[deleted]","2018-03-13",1520954314,"Wood","","gaming",87136,87136,0,0.85,0,0,4,1164
"https://www.reddit.com/r/gaming/comments/7sonug/friend_took_this_screenshot_in_horizon_zero_dawn/","AtlasFlynn","2018-01-24",1516814560,"Friend took this screenshot in Horizon: Zero Dawn. All I see is Conan O'Brien in the smoke cloud","","gaming",87125,87125,0,0.89,1,1,4,1479
"https://www.reddit.com/r/gaming/comments/md5opd/problem_solved/","MadeByTio","2021-03-25",1616698947,"Problem solved","","gaming",87121,87121,0,0.91,142,0,11,2066
"https://www.reddit.com/r/gaming/comments/7k9m2l/one_hell_of_a_shot/","dickfromaccounting","2017-12-16",1513459145,"One hell of a shot","","gaming",87092,87092,0,0.82,0,0,4,2007
"https://www.reddit.com/r/gaming/comments/ptjpom/my_boss_asked_me_if_i_play_games_and_gave_me_this/","MabelOfTheRedSands","2021-09-23",1632357320,"My boss asked me if I play games and gave me this","","gaming",87042,87042,0,0.89,143,0,4,1547
"https://www.reddit.com/r/gaming/comments/6ztrin/my_steam_store_just_glitched_in_the_best_way/","Lordofgeckos","2017-09-13",1505299723,"My steam store just glitched in the best way","","gaming",87029,87029,0,0.9,0,0,0,807
"https://www.reddit.com/r/gaming/comments/yf274a/after_finishing_yakuza_0_i_decided_to_cosplay_as/","TheEpicDiamondMiner","2022-10-27",1666901903,"After finishing Yakuza 0, I decided to cosplay as the Dragon of Dojima himself, Kazuma Kiryu.","","gaming",86974,86974,0,0.8,59,4,3,2140
"https://www.reddit.com/r/gaming/comments/64xljl/npcs_accidently_mimic_real_life/","PaulSweatt","2017-04-12",1491997135,"NPC's accidently mimic real life","","gaming",86966,86966,0,0.93,0,0,0,1374
"https://www.reddit.com/r/gaming/comments/ipnj54/big_explosion/","System32Comics","2020-09-09",1599680631,"Big Explosion","","gaming",86957,86957,0,0.9,128,0,5,629
"https://www.reddit.com/r/gaming/comments/6vkthl/fire_emblem_got_to_real_for_me/","Luxyzinho","2017-08-23",1503511729,"Fire Emblem got to real for me","","gaming",86921,86921,0,0.82,0,0,0,792
"https://www.reddit.com/r/gaming/comments/ioxxgz/its_all_coming_together/","brine909","2020-09-08",1599586066,"It's all coming together","","gaming",86893,86893,0,0.92,57,0,1,2454
"https://www.reddit.com/r/gaming/comments/khjmp5/he_hates_ps4_i_hate_xb1_we_argue_consoles_every/","kellenbrent","2020-12-21",1608564848,"He hates PS4. I hate XB1. We argue consoles every day at work so naturally we surprised each other with these, and now we hate them too.","","gaming",86884,86884,0,0.75,285,0,4,2492
"https://www.reddit.com/r/gaming/comments/8docju/god_of_wars_director_cory_barlog_reacting_to_the/","EinsteinsAura","2018-04-20",1524237314,"God of War's director, Cory Barlog, reacting to the high review scores for the game","","gaming",86877,86877,0,0.9,0,0,15,2501
"https://www.reddit.com/r/gaming/comments/8r35z9/damn_it_it_was_so_close/","MrKuabster","2018-06-14",1528993310,"Damn it... It was so close!","","gaming",86865,86865,0,0.82,0,0,4,2495
"https://www.reddit.com/r/gaming/comments/dtvizf/kojima_makes_the_best_stealth_games/","Bashabox","2019-11-09",1573303817,"Kojima makes the best stealth games","","gaming",86856,86856,0,0.92,3,1,5,2076
"https://www.reddit.com/r/gaming/comments/ga86ld/epic_music_starts_playing/","TheBreadButter","2020-04-29",1588161827,"*epic music starts playing*","","gaming",86850,86850,0,0.92,4,0,24,837
"https://www.reddit.com/r/gaming/comments/cqu5ty/still_miss_watching_red_vs_blue/","xFrigid","2019-08-15",1565895109,"Still miss watching Red vs Blue","","gaming",86848,86848,0,0.85,2,1,26,1211
"https://www.reddit.com/r/gaming/comments/az4wwp/challenge_say_1_nice_thing_about_ea/","SrGrafo","2019-03-09",1552147418,"CHALLENGE: Say 1 nice thing about EA","","gaming",86834,86834,0,0.8,3,0,19,4404
"https://www.reddit.com/r/gaming/comments/duhq98/found_a_pacman_easter_egg_in_skyrim_endons_house/","ChainsForAlice","2019-11-10",1573421245,"Found a pacman easter egg in skyrim. Endons house in Markarth","","gaming",86827,86827,0,0.83,2,1,10,808
"https://www.reddit.com/r/gaming/comments/6ipo37/1984_duck_hunt_in_vr_also_includes_a_2017_twist/","[deleted]","2017-06-21",1498087870,"1984 Duck Hunt in VR, also includes a 2017 twist","","gaming",86819,86819,0,0.87,0,0,0,1458
"https://www.reddit.com/r/gaming/comments/74m92i/when_nintendo_asks_you_to_type_in_your_favorite/","Lil_Giygas","2017-10-06",1507277159,"When Nintendo asks you to type in your favorite food at the beginning of the game.","","gaming",86818,86818,0,0.88,3,2,3,1410
"https://www.reddit.com/r/gaming/comments/hsb5ce/todd_howard_is_a_rockstar/","TheCorbeauxKing","2020-07-16",1594911640,"Todd Howard is a Rockstar","","gaming",86812,86812,0,0.93,2,2,5,1634
"https://www.reddit.com/r/gaming/comments/ecfe2n/what_was_your_first_console/","SrGrafo","2019-12-18",1576688966,"What was your first Console?","","gaming",86802,86802,0,0.86,4,1,4,4754
"https://www.reddit.com/r/gaming/comments/87t2pq/ehhh_i_might_buy_far_cry_5_not_completely_sold_ok/","TheMachRider","2018-03-28",1522252984,"""Ehhh I might buy Far Cry 5... not completely sold-- OK I'm buying Far Cry 5.""","","gaming",86789,86789,0,0.8,0,0,8,3630
"https://www.reddit.com/r/gaming/comments/dz5f4x/super_mario_kart_encourages_despicable_tactics/","flabby-doo-dad","2019-11-20",1574271732,"Super Mario Kart encourages despicable tactics.","","gaming",86710,86710,0,0.94,2,0,31,1277
"https://www.reddit.com/r/gaming/comments/eb11td/for_my_birthday_this_year_my_wife_asked_what_kind/","alandenton","2019-12-15",1576427920,"For my birthday this year, my wife asked what kind of cake she should make... and I told her that, honestly, I've always wanted to try Peach's thank-you cake from the end of Super Mario 64.","","gaming",86699,86699,0,0.94,10,4,6,871
"https://www.reddit.com/r/gaming/comments/jp1zkm/ez_ez_ez/","bad_boy_supreme","2020-11-06",1604653855,"EZ EZ EZ.","","gaming",86659,86659,0,0.85,104,0,12,1184
"https://www.reddit.com/r/gaming/comments/c24hnj/graphics_of_pokemon_swordshield_vs_breath_of_the/","PM_ME_FREE_STUFF_PLS","2019-06-18",1560875924,"Graphics of Pokemon Sword/Shield vs Breath of the Wild","","gaming",86621,86621,0,0.9,3,1,16,5018
"https://www.reddit.com/r/gaming/comments/gsz50a/this_beer_in_halflife_alyx_is_blowing_my_mind/","PressAbeToStart","2020-05-29",1590779323,"This beer in Half-Life Alyx is Blowing my Mind","","gaming",86610,86610,0,0.91,1,0,18,1853
"https://www.reddit.com/r/gaming/comments/nswqiu/thank_you_kind_stranger/","ADAMWARLOCK707","2021-06-05",1622902742,"Thank you kind stranger","","gaming",86572,86572,0,0.9,221,0,18,816
"https://www.reddit.com/r/gaming/comments/jwjv5z/i_can_never_complete_a_level_normally_in_this_game/","Bropulsion","2020-11-18",1605719908,"I can never complete a level normally in this game :/","","gaming",86567,86567,0,0.91,98,0,8,985
"https://www.reddit.com/r/gaming/comments/9splmn/rdr2s_attention_to_detail_in_animal_behavior/","Griffo1709","2018-10-30",1540917410,"RDR2's Attention To Detail In Animal Behavior","","gaming",86534,86534,0,0.9,1,1,9,3348
"https://www.reddit.com/r/gaming/comments/fcvmfo/can_we_all_agree_the_tiger_knee_position_is_the/","[deleted]","2020-03-03",1583247011,"Can we all agree the Tiger Knee position is the best way to sleep?","","gaming",86533,86533,0,0.86,5,1,17,2465
"https://www.reddit.com/r/gaming/comments/qm0l92/final_fantasy_14_mad_respect_for_that/","SrGrafo","2021-11-03",1635963408,"Final Fantasy 14, Mad respect for that","","gaming",86487,86487,0,0.89,101,1,10,3147
"https://www.reddit.com/r/gaming/comments/71wnhl/when_you_find_a_random_player_whos_exactly_as/","[deleted]","2017-09-23",1506146527,"When you find a random player who's exactly as funky as you.","","gaming",86484,86484,0,0.83,0,0,2,1810
"https://www.reddit.com/r/gaming/comments/gvjr15/dont_forget/","greenskin22","2020-06-03",1591145122,"Don't forget","","gaming",86452,86452,0,0.9,9,0,7,1510
"https://www.reddit.com/r/gaming/comments/fh853l/when_you_finally_get_a_streak/","Gaia_Maiko","2020-03-12",1583975701,"When you finally get a streak","","gaming",86436,86436,0,0.92,5,0,26,701
"https://www.reddit.com/r/gaming/comments/jeodfl/good_news_everyone_built_this_in_my_minecraft/","Titan_Crafter","2020-10-20",1603196457,"Good news, everyone! Built this in my Minecraft world. Pretty happy with how it turned out! Whats Reddit think?","","gaming",86422,86422,0,0.83,214,1,8,1208
"https://www.reddit.com/r/gaming/comments/7q1z9z/there_was_a_guy_who_dressed_up_as_ea_for_pax/","Swesor","2018-01-13",1515813076,"There was a guy who dressed up as EA for PAX South. Watched him get kicked out less than 5 minutes after walking in.","","gaming",86372,86372,0,0.86,0,0,0,1918
"https://www.reddit.com/r/gaming/comments/netrxi/elderly_couple_cosplays_as_link_and_zelda_at_fan/","d3333p7","2021-05-17",1621290286,"Elderly couple cosplays as Link and Zelda at fan convention","","gaming",86363,86363,0,0.88,333,0,7,597
"https://www.reddit.com/r/gaming/comments/vopud3/technoblade_has_passed_away_as_of_6302022_rest_in/","SorryRoof1653","2022-07-01",1656643028,"Technoblade has passed away as of 6/30/2022. Rest in peace, we will never forget you.","","gaming",86334,86334,0,0.86,344,2,5,2674
"https://www.reddit.com/r/gaming/comments/i3k6sg/next_level_gaming/","egitto23","2020-08-04",1596550945,"Next level gaming.","","gaming",86308,86308,0,0.92,4,0,9,693
"https://www.reddit.com/r/gaming/comments/grmvdu/you_guys_keep_the_games_alive_thanks/","SwiggitySwotty69","2020-05-27",1590596757,"You guys keep the games alive, Thanks","","gaming",86296,86296,0,0.9,15,3,57,1470
"https://www.reddit.com/r/gaming/comments/bi4vhb/you_can_literally_wrap_your_car_around_a_tree_in/","FearmyBeard21","2019-04-27",1556406859,"You can literally wrap your car around a tree in this game [BeamNG Drive]","","gaming",86273,86273,0,0.93,1,0,24,2252
"https://www.reddit.com/r/gaming/comments/q22m4b/respect_like_that_players/","EmreDoqan","2021-10-05",1633458863,"Respect like that players.","","gaming",86283,86283,0,0.89,79,0,12,2132
"https://www.reddit.com/r/gaming/comments/m7bll5/understandable/","TheScribe86","2021-03-17",1616017679,"Understandable","","gaming",86271,86271,0,0.9,71,1,17,1329
"https://www.reddit.com/r/gaming/comments/ilsb6h/the_penguin_recreated_in_red_dead_redemption_2/","TwinkieSnake","2020-09-03",1599135575,"The Penguin recreated in Red Dead Redemption 2","","gaming",86258,86258,0,0.94,82,0,10,542
"https://www.reddit.com/r/gaming/comments/9ccznp/isnt_it_time/","PM_ME_WITH_A_SMILE","2018-09-02",1535903045,"Isn't it time?","","gaming",86195,86195,0,0.84,1,1,10,3719
"https://www.reddit.com/r/gaming/comments/u740at/working_on_a_game_finally_got_my_water_to_look/","GameDev1995","2022-04-19",1650371372,"Working on a game, finally got my water to look tropical with interactions! What do you guys think?","","gaming",86167,86167,0,0.82,77,2,4,2491
"https://www.reddit.com/r/gaming/comments/8ua4wl/how_sprites_for_video_games_are_made/","KingHorseFucker","2018-06-27",1530110348,"How Sprites for Video Games Are Made.","","gaming",86155,86155,0,0.82,0,0,30,1516
"https://www.reddit.com/r/gaming/comments/coljak/dont_know_if_yall_have_seen_this_yet/","butAnotherIsTaken","2019-08-10",1565460958,"Dont know if yall have seen this yet","","gaming",86120,86120,0,0.9,2,1,13,2128
"https://www.reddit.com/r/gaming/comments/n6pe85/guess_i_was_too_excited/","[deleted]","2021-05-07",1620358549,"Guess I was too excited","","gaming",86083,86083,0,0.94,110,0,8,1115
"https://www.reddit.com/r/gaming/comments/9xqjs1/lord_forgive_me/","Igorus_15","2018-11-16",1542404648,"lord forgive me","","gaming",86090,86090,0,0.91,0,0,9,851
"https://www.reddit.com/r/gaming/comments/icjyo1/chaotic_evil/","houseofnapkins","2020-08-19",1597826702,"Chaotic evil","","gaming",86073,86073,0,0.93,50,1,15,955
"https://www.reddit.com/r/gaming/comments/erelju/every_time/","[deleted]","2020-01-20",1579533970,"Every time..","","gaming",86055,86055,0,0.93,17,0,18,784
"https://www.reddit.com/r/gaming/comments/jvg1z4/thank_you_sony/","smolro","2020-11-16",1605563510,"Thank you Sony","","gaming",86009,86009,0,0.86,45,0,2,3240
"https://www.reddit.com/r/gaming/comments/j9blrx/gamers_have_certainly_gotten_morewhiny/","BenCaunce","2020-10-11",1602444132,"Gamers have certainly gotten more...whiny.","","gaming",85984,85984,0,0.81,100,0,3,2466
"https://www.reddit.com/r/gaming/comments/hlevou/the_undertaker/","Kelly240361","2020-07-05",1593914444,"The Undertaker","","gaming",85902,85902,0,0.95,3,1,3,686
"https://www.reddit.com/r/gaming/comments/m1x20g/fell_in_love_with_pikmin_franchise_15_years_ago/","Tadja","2021-03-10",1615381596,"Fell in love with Pikmin franchise 15 years ago. It's now the main inspiration for the game I work on!","","gaming",85906,85906,0,0.87,271,1,10,1234
"https://www.reddit.com/r/gaming/comments/efexfb/my_gf_proposed_to_me_today/","LakotaV420","2019-12-25",1577268826,"My Gf Proposed to me today.","","gaming",85883,85883,0,0.84,45,2,15,1922
"https://www.reddit.com/r/gaming/comments/f6oudq/indeed_this_is_true/","Hogoba","2020-02-20",1582179421,"Indeed this is true","","gaming",85872,85872,0,0.77,2,1,18,2712
"https://www.reddit.com/r/gaming/comments/ibawcj/anybody_else_went_through_this/","SpacedGeek","2020-08-17",1597656370,"Anybody else went through this?","","gaming",85822,85822,0,0.88,29,0,2,1395
"https://www.reddit.com/r/gaming/comments/a8kalb/thanks_reddit_you_somehow_made_my_random_indie/","bencelot","2018-12-22",1545479881,"Thanks reddit! You somehow made my random indie game become the 10th most played game on Steam of all time (info in comments)","","gaming",85795,85795,0,0.84,6,2,2,1526
"https://www.reddit.com/r/gaming/comments/c19pjg/happy_fathers_day_to_all_the_big_daddies_out_there/","Themaster0fwar","2019-06-16",1560690538,"Happy Fathers Day to all the Big Daddies out there!","","gaming",85769,85769,0,0.93,6,1,18,763
"https://www.reddit.com/r/gaming/comments/a7mfus/whoop_whoop/","[deleted]","2018-12-19",1545226386,"Whoop whoop","","gaming",85748,85748,0,0.92,1,0,17,429
"https://www.reddit.com/r/gaming/comments/hvv5jx/you_have_no_power_here/","sahil_147","2020-07-22",1595429548,"You have no power here","","gaming",85721,85721,0,0.93,0,0,6,1046
"https://www.reddit.com/r/gaming/comments/9qpmdf/how_dare_you/","dickfromaccounting","2018-10-23",1540305878,"How dare you!","","gaming",85692,85692,0,0.93,3,1,21,1565
"https://www.reddit.com/r/gaming/comments/b0z2bg/are_you_delusional/","BubbleBlacKa","2019-03-14",1552562013,"Are you delusional?","","gaming",85681,85681,0,0.81,3,1,5,1972
"https://www.reddit.com/r/gaming/comments/qpaenx/forza_horizon_5_storms_have_crossed_the_limits/","[deleted]","2021-11-08",1636365441,"Forza Horizon 5 storms have crossed the limits","","gaming",85677,85677,0,0.77,199,0,7,873
"https://www.reddit.com/r/gaming/comments/8jtelu/the_crab_fighting_simulator_i_never_knew_i_wanted/","BlueTieCasual","2018-05-16",1526460637,"The crab fighting simulator I never knew I wanted","","gaming",85679,85679,0,0.92,1,1,21,1652
"https://www.reddit.com/r/gaming/comments/6gh1qq/ea_in_a_nutshell/","Nolar2015","2017-06-10",1497122574,"EA in a nutshell","","gaming",85669,85669,0,0.88,1,1,0,2193
"https://www.reddit.com/r/gaming/comments/akc88u/my_mother_who_i_barley_see_due_to_college_decided/","TheBensonBoy","2019-01-27",1548597640,"My mother, who I barley see due to college, decided to come up for my 20th. She also never truly played a video game in her life, and beat me and some CPUs at Mario Party. I just couldn't help but feel happy and proud for her when she won","","gaming",85628,85628,0,0.8,6,1,9,977
"https://www.reddit.com/r/gaming/comments/ap4pbl/hey_can_i_copy_your_homework/","amazingmuzmo","2019-02-10",1549811515,"""Hey, can I copy your homework?""","","gaming",85571,85571,0,0.75,1,0,8,2659
"https://www.reddit.com/r/gaming/comments/7fk4hj/never_forget_good_guy_mario_kart_3ds/","[deleted]","2017-11-26",1511665190,"Never forget, Good Guy Mario Kart 3DS","","gaming",85512,85512,0,0.85,1,1,0,1353
"https://www.reddit.com/r/gaming/comments/ezap9g/teen_rating/","eldercactus","2020-02-05",1580914522,"Teen rating","","gaming",85465,85465,0,0.94,0,0,5,1209
"https://www.reddit.com/r/gaming/comments/f0b1ea/heavy_metal_starts/","iabzeet","2020-02-07",1581084897,"[Heavy metal starts]","","gaming",85456,85456,0,0.89,4,0,3,1533
"https://www.reddit.com/r/gaming/comments/esb5p2/can_we_just_make_this_mandatory/","Buzstringer","2020-01-22",1579695765,"Can we just make this mandatory?","","gaming",85456,85456,0,0.87,3,1,14,3356
"https://www.reddit.com/r/gaming/comments/bjuad2/these_color_changing_mugs_are_getting_out_of_hand/","ericabirdly","2019-05-02",1556799609,"These color changing mugs are getting out of hand","","gaming",89560,89560,0,0.91,1,1,0,1018
"https://www.reddit.com/r/gaming/comments/t9dv52/current_situation_in_elder_ring/","Saiyan256","2022-03-08",1646735093,"Current Situation in Elder Ring","","gaming",89549,89549,0,0.84,87,1,9,3190
"https://www.reddit.com/r/gaming/comments/i9dqq5/probably_the_best_help_screen_in_any_game_ever/","The-Big-Fat-Shark","2020-08-14",1597372434,"Probably the best help screen in any game ever","","gaming",89508,89508,0,0.95,40,0,3,550
"https://www.reddit.com/r/gaming/comments/cgyh3z/i_made_a_minecraft_plugin_with_which_you_can/","DeltaTwoForce","2019-07-23",1563915901,"I made a Minecraft plugin with which you can browse Reddit","","gaming",89484,89484,0,0.92,23,2,26,898
"https://www.reddit.com/r/gaming/comments/kxg80o/finally_my_patience_has_paid_off_refuse_to/","Crazy_Canuck78","2021-01-14",1610662613,"Finally... my patience has paid off. Refuse to support scalpers!","","gaming",89466,89466,0,0.84,150,1,2,2453
"https://www.reddit.com/r/gaming/comments/106p3k8/my_husband_playing_god_of_war_on_his_christmas/","EmptySetCoffeeCakes","2023-01-08",1673199616,"My husband playing God of War on his Christmas PS5 with some pizza and chicken nuggets for lunch. I feel like he is in his happy place","","gaming",89389,89389,0,0.77,8,1,7,3881
